4270261,omega,1.0,phi,0.008864068608168815, 0.009519495412402596, 0.010247495115226681, 0.010805380393060582, 0.009437213231558437, 0.00953371360789691, 0.010099435925846497, 0.010077785335972467, 0.009683384105772217, 0.009932384250549566, 0.010351947566120694, 0.009735403043309223, 0.010167138513210387, 0.00999860505329905, 0.009294848015341193, 0.010932861718448521, 0.00917632828261274, 0.010782607985269548, 0.010463743136060279, 0.010097395568852235, 0.01054992963951586, 0.00980231645580362, 0.010579282208380853, 0.009537765979942268, 0.010493259129479505, 0.008686233270061041, 0.00923617360833506, 0.010635422300790587, 0.009198885540846202, 0.009373079524279735, 0.010269438835323316, 0.009043566399240567, 0.010871973323091718, 0.010879773515625309, 0.00975420931219146, 0.010296248761190098, 0.009233362073647588, 0.008901774007011748, 0.01055860534441612, 0.010572562514674248, 0.009367292087572256, 0.009791045668141776, 0.009554297331238323, 0.010966702896938426, 0.010385721705812836, 0.009546378902362412, 0.010917931636648375, 0.00974801064319041, 0.0096169089379985, 0.008992086461112346, 0.010231726837527048, 0.009749607433781117, 0.010059883267372682, 0.010588436944203706, 0.010885023226393668, 0.009906865610652545, 0.009153695921269231, 0.011262753293988717, 0.009830458329670132, 0.008625325269675979, 0.009837900883586171, 0.010549386618770295, 0.009917011211007938, 0.011321012401263113, 0.010220333580209537, 0.008935243764675629, 0.011454563602782623, 0.010448457576005474, 0.010103736409038132, 0.01027931464726095, 0.010538468703821288, 0.00961190481267349, 0.010045628767867862, 0.009090597613305901, 0.009063135710707937, 0.009819428151994743, 0.010352908063592698, 0.009826244388809332, 0.010338302315987534, 0.009323396352306904, 0.011222275796529848, 0.010184666851015177, 0.009441192123303422, 0.009316678728535779, 0.01026407703908637, 0.009651551767883943, 0.010154274735720857, 0.010856379606598398, 0.009464700022015292, 0.009016251840671868, 0.010978608213365085, 0.011265489087860724, 0.010307968602248904, 0.01104876516695487, 0.010131342211745156, 0.010210911320777392, 0.009464860456970333, 0.009555482694699588, 0.009462975607982238, 0.010069323531991171,count precision recall f1 iter,0,0.0,0.0,0,52,['output', 'interdepend output', 'base', 'output variabl']
58630,omega,1.0,phi,0.010019636706998711, 0.009980240550273843, 0.009978344048075016, 0.009980838225026607, 0.010010831878139493, 0.009989309353664507, 0.010013886612501658, 0.01005061757467557, 0.009995455203751797, 0.009924413265251595, 0.010045343101733727, 0.009956849445173728, 0.009983848293691379, 0.010001094783453823, 0.010040915106054898, 0.010009899880991463, 0.010077858784796582, 0.01003928003801707, 0.010057479949709765, 0.009981125957055404, 0.010030303372986375, 0.009978393468556465, 0.00997527868013037, 0.009976880747225764, 0.009946467857663406, 0.010042276057943373, 0.010067955913851822, 0.010046106379878858, 0.009947715361231802, 0.009955438092039456, 0.010063632406303582, 0.009959590834209416, 0.009965240046633302, 0.009988322694319962, 0.01005127299911034, 0.010025124303734095, 0.009965221981370925, 0.010022122928358681, 0.01000799320889183, 0.010032973068726744, 0.009921904275670418, 0.00998501612246551, 0.01000488180753174, 0.010018765125990781, 0.010003132848769953, 0.010024458095991895, 0.009973350565489505, 0.00996317498459921, 0.01002785343421778, 0.009985837093736346, 0.009971804319573008, 0.010036742693541252, 0.00998969274168929, 0.010050426653971739, 0.01002284682190624, 0.009973758609874447, 0.009991291073203491, 0.009984239322331777, 0.009998258712748896, 0.009986408316917704, 0.009990117602207752, 0.009992199895961331, 0.010038073486775876, 0.009919863579878719, 0.009950786537936055, 0.009941833894338736, 0.010025939657073156, 0.009997006440139315, 0.009996854696581852, 0.010015552319850525, 0.010029421155007032, 0.010030814323210898, 0.009966279647501682, 0.010052530449806805, 0.009963392738849107, 0.010042488229406234, 0.009969380700797541, 0.009996946283404688, 0.010043852414440117, 0.009993114544910617, 0.010065767006694466, 0.010074341836194456, 0.009981379631342012, 0.009976530163176203, 0.009986924433057624, 0.009973217454597741, 0.0100009192970325, 0.009995245478069457, 0.010028541531908545, 0.009998544108318366, 0.00997819884235562, 0.01000174905757455, 0.010002251770425817, 0.010001953902406062, 0.010074843871376051, 0.00997347672834622, 0.009921263792796349, 0.009979027092125576, 0.009963956001138006, 0.009965996620562235,count precision recall f1 iter,0,0.0,0.0,0,6,['dataset', 'linkag', 'cluster method', 'extens']
4794787,omega,1.0,phi,0.010000109835742184, 0.010011231049029803, 0.010030122182786505, 0.010021322978176025, 0.009980212678700983, 0.009956392648587817, 0.009970435365829351, 0.009967872896789508, 0.010025443691694705, 0.009978925678016986, 0.010039496623278606, 0.010025877274212483, 0.010003370676209468, 0.009961444596938134, 0.01001193373153638, 0.010059289619525184, 0.009978120302491043, 0.009991409139715536, 0.010002610851054264, 0.01001364148751491, 0.009979274776870202, 0.010011825668535328, 0.010046007456052811, 0.010061790921671341, 0.010018506458773058, 0.010034742566968569, 0.010019039794721267, 0.00996252618377344, 0.009985747592200944, 0.009978706492904582, 0.009969253872391238, 0.009946819694950855, 0.010036058740124814, 0.010011813299038073, 0.010051905781353274, 0.009970217267608958, 0.0100255307092415, 0.009988918669914271, 0.009945436798247274, 0.009985719920966436, 0.009962175253371086, 0.01001576368946668, 0.010053104225350697, 0.010010166970632032, 0.009967316433997349, 0.010016846809297429, 0.009970974203254672, 0.009999795151754292, 0.009968683471687953, 0.01005987117894488, 0.010020387327408661, 0.009994562352741843, 0.010022552618601655, 0.01003180526114284, 0.010049553701172246, 0.00997808299137, 0.009966996563669828, 0.009958749896508322, 0.010027593956827124, 0.01003071293936542, 0.009998314091565066, 0.010048135980835543, 0.010010425808992926, 0.010023943377071258, 0.009959342102567187, 0.009982447087225458, 0.010030270392338848, 0.01006776544259283, 0.009983812195744138, 0.009995106488570516, 0.009965817321239594, 0.009942870115291096, 0.009974330815432005, 0.010043848744082396, 0.010018208572275724, 0.009959945464138127, 0.009994986521691802, 0.010027425294156938, 0.009951537640431742, 0.009990695730560776, 0.009899553616223362, 0.00994737052681966, 0.01000099005769513, 0.009991160793947157, 0.010008094711690146, 0.010017052267728465, 0.009981703387865236, 0.009998771656680306, 0.010031349288718034, 0.010028597738584315, 0.009961682526066057, 0.010000956818826675, 0.010005919057368955, 0.010005109491507506, 0.00998458018248581, 0.010010714110086468, 0.010031390037861836, 0.009980130417006768, 0.009952481803770863, 0.010028361351560012,count precision recall f1 iter,0,0.0,0.0,0,5,['cancer', 'abil', 'synergist', 'work']
902409,omega,1.0,phi,0.009968568607975684, 0.010002422710419866, 0.010066803334038053, 0.009901615307350429, 0.009912417228559721, 0.010045231185383051, 0.010194872147559994, 0.01009462167993571, 0.010016155022491601, 0.010173753365558553, 0.00998600640936629, 0.009957216473591836, 0.010060226184434895, 0.0098514937989922, 0.010050480118010333, 0.010017653721115748, 0.009908089874209328, 0.010131112774771946, 0.01003189501238957, 0.010145479290393578, 0.009832290212384801, 0.009892261128905896, 0.009962391120407773, 0.010017905472254304, 0.009987762523614689, 0.009983483274275834, 0.010109650855117513, 0.010044399428672074, 0.010152525371486702, 0.010264476048607477, 0.010167231115724748, 0.010066751334713051, 0.010025763342568446, 0.010022032489788748, 0.010019606325013829, 0.009937840691236875, 0.009958010576430169, 0.010069763081733487, 0.009967100476533368, 0.009972143706760434, 0.01001521094721209, 0.00981106824508594, 0.009898229735829444, 0.010073212301010218, 0.010074935877307118, 0.010173738006024948, 0.00990715104919381, 0.010084744087561123, 0.010024728034038605, 0.010089255384414195, 0.00998064311742892, 0.010034891564670984, 0.009897991963103998, 0.009740369440870035, 0.010176286535589552, 0.009999544467785795, 0.009913963868190557, 0.009891735045270472, 0.009982690411267666, 0.009982944032771076, 0.010135711707184131, 0.009949468332334762, 0.009953988179397782, 0.010083620407124624, 0.010015024524654494, 0.010008254581318595, 0.00996655226890662, 0.009958884718965864, 0.009727119214252988, 0.009815004060897452, 0.009978875021960806, 0.00991171754544411, 0.009779679910130842, 0.01011839134581239, 0.010151824033482236, 0.010109720112801578, 0.00983704405940857, 0.010022094599823131, 0.009887854676184875, 0.009888771581223473, 0.009971144680700272, 0.010138431744052401, 0.009893644519576783, 0.009817830707812177, 0.01000395658287279, 0.00998332675567901, 0.010096501690285446, 0.009832476116197565, 0.010182961364628845, 0.01001420457976061, 0.009997680032910076, 0.009853369617354661, 0.009792961797240795, 0.009995515710189013, 0.010098010014081607, 0.010028367931859312, 0.010068679743829034, 0.00995399830669442, 0.010107401892888713, 0.01014709839267214,count precision recall f1 iter,0,0.0,0.0,0,14,['interpret', 'hospit', 'structur', 'heart']
11980488,omega,1.0,phi,0.010065838049355205, 0.009941932509979037, 0.0099173713665215, 0.01006328881129755, 0.009824489667801162, 0.009993442134225367, 0.009998562262480241, 0.009865954006664478, 0.010056295228815163, 0.009975714346228107, 0.009939249911289841, 0.010192117217013614, 0.009913698590763959, 0.009951039122529155, 0.009852782794011434, 0.010022701663995773, 0.010009362734066293, 0.010183000028840502, 0.009782618887451772, 0.010078342455194358, 0.010065654660366198, 0.0102174444900835, 0.009894438949784949, 0.010102915034049576, 0.010017456438030113, 0.009950022332451808, 0.009669299881306444, 0.009985230806678378, 0.010214302895618935, 0.010198482650160321, 0.01005577620114796, 0.009999031882763826, 0.009975389413902825, 0.009888490987645836, 0.009916950683484915, 0.009872251004524837, 0.010156737291711635, 0.010112831579975213, 0.01013973893108703, 0.009933029314032732, 0.010013892744963438, 0.010256838052369722, 0.010017041539359742, 0.010047399346546077, 0.009933037356557869, 0.009823641029415246, 0.009931324391813936, 0.009874724891193927, 0.010001297530376695, 0.009997368812513605, 0.009853138606090432, 0.009750169669308913, 0.009855669740732372, 0.010212363762902531, 0.00988339833682558, 0.010261771535545416, 0.009858775140393974, 0.01020087177215332, 0.010215514247863494, 0.010275661018570935, 0.009983302171988288, 0.010076288624992127, 0.010142258182995368, 0.009897966249769272, 0.010267911151758007, 0.009938004253387768, 0.009855502984694462, 0.010148931196328516, 0.010055003689057046, 0.00993528292782175, 0.010202497519343363, 0.010143261038069808, 0.00993037353884042, 0.009906628921393424, 0.010269444902533688, 0.009857126021303241, 0.010029307054562106, 0.009896266190311651, 0.009850305084807867, 0.010020544551672486, 0.009861816442893185, 0.009994625954654023, 0.009884058493611028, 0.010315996450137047, 0.009791269769361555, 0.009861201503032371, 0.009630428156095161, 0.010049921837450388, 0.010089491805574781, 0.00989411484955041, 0.009999710592656324, 0.010194231587118026, 0.009911506036906475, 0.009899095059325654, 0.009699539035438659, 0.009878485075632862, 0.010102427815915846, 0.010346038708501405, 0.00996928402846265, 0.009963373799222682,count precision recall f1 iter,0,0.0,0.0,0,14,['combin', 'paper', 'learner', 'approach']
434661,omega,1.0,phi,0.010018029086487591, 0.009987090094161323, 0.010067188065077318, 0.0099823552318655, 0.009948960374125508, 0.010098286125128697, 0.01003958005517531, 0.010134583348731891, 0.010035804368927375, 0.00981685504882092, 0.010067922346553584, 0.009954626627432468, 0.010030281236126504, 0.010016569030277813, 0.010023355208370168, 0.010124133714442434, 0.009994519728209035, 0.00994582457716429, 0.010014183520653981, 0.010088265533628321, 0.010092051481024728, 0.009999302291981921, 0.009883044586640877, 0.009855714390010041, 0.009953228055139414, 0.009835489959856109, 0.010074083662768867, 0.010122290736850925, 0.010110325263891834, 0.009989059823905575, 0.009993965121367542, 0.009817610357883722, 0.009999022175753136, 0.009914874317221219, 0.010063458070680898, 0.010014602192044949, 0.009994398756153865, 0.009852940195244674, 0.010000011905557103, 0.010083373362209068, 0.009897596997170391, 0.009910632840102497, 0.01002709010454248, 0.009857427628068356, 0.010200262322422972, 0.009968689592525112, 0.010171105892663143, 0.009938561635452996, 0.01012851830310088, 0.009845619970546855, 0.009977924456193242, 0.01001927755098278, 0.009975738003119202, 0.009859405250264387, 0.009989890024477432, 0.009968171595375733, 0.010013319223453885, 0.010083686396675777, 0.009979115912284148, 0.009969336553217347, 0.010017290967696586, 0.010215497899371068, 0.009840135673407685, 0.009979936535260404, 0.009902180714268722, 0.010078298301665038, 0.010073529351557357, 0.009978728205452888, 0.010009594885156604, 0.010086734835145841, 0.009907476804464905, 0.010089333397289485, 0.00991064990028383, 0.010092750335714228, 0.010027569297697202, 0.010121112043684767, 0.00988607879035906, 0.01000511341363919, 0.010029733131020641, 0.009942785290207054, 0.010001982157916645, 0.009952822145831496, 0.010023319786705589, 0.009961467842329553, 0.009970607138613611, 0.010026971731423966, 0.010062684417569556, 0.00994710603680707, 0.010007361716884317, 0.010051133269041869, 0.010084734571066387, 0.009951925472541883, 0.010087565460863802, 0.010071569041557704, 0.009990228387942932, 0.009982575257562087, 0.009962524024576366, 0.009884397240293432, 0.01010112245251859, 0.009864741794424692,count precision recall f1 iter,0,0.0,0.0,0,12,['time seri', 'asynchron period', 'period pattern', 'time seri data']
980627,omega,1.0,phi,0.010022594153043414, 0.01005587401394376, 0.010024698705541587, 0.009922375236968681, 0.010030854353409573, 0.010006809199320304, 0.01000502393207584, 0.009972974141085042, 0.010008290404948678, 0.009982669356899385, 0.010005490732959286, 0.009963431088058448, 0.00998607073440101, 0.01000728333024365, 0.0100316702562435, 0.010045661529558474, 0.01004033422820605, 0.009950537911743598, 0.010001849848273221, 0.009991591873812124, 0.010020360046091057, 0.009987668802883943, 0.00999410417742797, 0.010043993138798528, 0.010028012079157269, 0.010064311268465752, 0.009996125872358933, 0.010015855345401791, 0.010004890009068736, 0.010029902756580552, 0.009930239883490306, 0.009970014180227213, 0.00998732136716457, 0.0099471937888084, 0.009973357918311413, 0.01001973362318349, 0.009936639243231621, 0.010020577757526065, 0.009963210014749691, 0.010066984118527031, 0.009991921723179776, 0.009961009526246855, 0.010050633349485114, 0.009982239716951611, 0.009993478985812819, 0.00996880864899061, 0.010044280065237823, 0.010016284102029208, 0.010009226279265133, 0.009988171623020462, 0.010074808953104638, 0.00996710483775192, 0.009962497966343273, 0.010044483250075042, 0.010048667053497733, 0.010005149855168422, 0.009912253006335178, 0.009958972145790897, 0.00993058687653878, 0.00998858195913175, 0.009985862328132875, 0.010039049609150617, 0.010033781449720065, 0.010005930214193295, 0.010012193657838198, 0.010023067238705066, 0.009980093909956687, 0.0099989417782454, 0.00997358088426424, 0.0100654572104319, 0.01001407915840504, 0.009995250557902298, 0.009954625421550218, 0.010051332158364288, 0.010014814772598071, 0.009918082094139849, 0.010026084835563314, 0.009961890593236095, 0.00999406462184277, 0.010014411174504368, 0.009949063804827258, 0.01001294625298707, 0.010010357337643295, 0.010009469598790323, 0.009953748344605533, 0.009992231214346801, 0.010059240411942798, 0.009964396250223663, 0.01001784455065717, 0.009971687749673018, 0.010033810648319196, 0.010026194791643177, 0.01000728685392662, 0.00993796903300428, 0.009998285966570045, 0.01003109599430617, 0.009965531237859957, 0.010070441981998798, 0.009945302535655088, 0.010024761426128315,count precision recall f1 iter,0,0.0,0.0,0,6,['typic', 'great interest', 'machin learn', 'situat']
27107,omega,1.0,phi,0.00966917764604604, 0.01003426188391108, 0.009776917768906815, 0.00962417134699341, 0.009662306782733145, 0.010040668968700341, 0.0099198592497359, 0.010138691044426065, 0.010752844192013104, 0.01020304951229605, 0.009208333524163323, 0.009559348820547481, 0.01028099502475836, 0.009897914471373144, 0.010366831714507098, 0.009338077474612825, 0.009740666278376643, 0.00966325776947137, 0.01006899663289105, 0.010480267024172953, 0.010276197989880166, 0.010278878914240862, 0.009945826316308684, 0.009987792245724944, 0.010296102641552117, 0.010102245218695925, 0.010496451801749542, 0.010014267124897034, 0.010157136147667433, 0.010298879614993558, 0.01010127845958837, 0.00964352131300786, 0.010327638720590447, 0.009701678414807626, 0.010493204820042852, 0.00956753269470132, 0.010352422513317095, 0.009582112600187808, 0.010303827099843123, 0.010256673199787502, 0.009822443840637358, 0.01052361323669115, 0.01059887555099481, 0.009331281290690323, 0.009999949938890257, 0.009985733472584683, 0.010191309330160903, 0.009668182551681604, 0.00980029615247982, 0.009320127056927583, 0.009986969878645944, 0.01011458783984944, 0.009835969655649623, 0.009970905941521896, 0.010766288133596034, 0.00943315791494683, 0.009561711965690882, 0.009957046185182629, 0.009780043456776574, 0.009972187082241027, 0.009985276244305305, 0.009981399111304407, 0.009869614670220992, 0.009540159373447113, 0.009921047294728983, 0.009775043612188263, 0.009313411140564623, 0.00969625501559491, 0.010487321075435109, 0.010479126537175825, 0.010822731455303259, 0.010095841913079186, 0.009879022349928226, 0.010046491563261952, 0.010308982984217573, 0.009669576909566685, 0.009821562200689077, 0.010031217348315741, 0.0101630536717111, 0.009717244478927866, 0.010386917566149225, 0.00973305238242539, 0.009823573038715816, 0.010890877931996794, 0.009689540670973797, 0.01012631805360285, 0.009665071003200784, 0.009872303449148344, 0.009584665406925708, 0.009842593117354512, 0.010407079357641048, 0.009506508869091363, 0.010089123196604051, 0.010062243552108397, 0.01073173333301943, 0.009781405752368907, 0.0100656298314642, 0.011009724925861566, 0.009682202768704138, 0.010214071384617456,count precision recall f1 iter,0,0.0,0.0,0,32,['basket', 'market basket', 'basket data', 'outlier']
9479071,omega,1.0,phi,0.01001482106427487, 0.009992980290394487, 0.009995824897208025, 0.009984658161780752, 0.009990071443614301, 0.010012907359034748, 0.010020200787916383, 0.010007424155878495, 0.009999702250363606, 0.010006502674452175, 0.009988268793590351, 0.010017917193373568, 0.010012833208287398, 0.009990936459833401, 0.00999328507047872, 0.010008775671918846, 0.009999668559049421, 0.009999408239568484, 0.010002648396320852, 0.01000198721518061, 0.00998699824621976, 0.010003877499945045, 0.0100098283482946, 0.009991683291785703, 0.010004190671728282, 0.010013414781388359, 0.009992414397349618, 0.010020971218687004, 0.009998823723768358, 0.010014109671845782, 0.009993661751038737, 0.010004537573702036, 0.010000160465484955, 0.010001863743992201, 0.009992046688304508, 0.009994567855877518, 0.009996232807367715, 0.009979638289297155, 0.010005748181013721, 0.00999631073017395, 0.009984597916847266, 0.01000217237103892, 0.010005839419367448, 0.010008790810873847, 0.009989850364661346, 0.010010193953306858, 0.010003228516600097, 0.01000792278427643, 0.009996849907547043, 0.009988278686177826, 0.010004892764021132, 0.01000612330773292, 0.010014613722995006, 0.010015571249268126, 0.009995309703949245, 0.00999294476089468, 0.010008248310089214, 0.010013403057610146, 0.009973634759503337, 0.009993391237977786, 0.010001650805663141, 0.010003691753015694, 0.0100210215750561, 0.010003306298704757, 0.01001161816393144, 0.009989243602788987, 0.010005488018312325, 0.009982555813896388, 0.009981646252081816, 0.010012628372308131, 0.009988374683807016, 0.009997231840165944, 0.009987873581147296, 0.009998212665953606, 0.00999659580816028, 0.009995623380586337, 0.01001160402965949, 0.010009765442502212, 0.010000805562232633, 0.01000418963703196, 0.009990408257792422, 0.009991761377650529, 0.010013717628585718, 0.009969585389077626, 0.010006570298515143, 0.009999919834137314, 0.009969808410187603, 0.010002437183986896, 0.010014953563448864, 0.010006468078685677, 0.009982292754495848, 0.009996991469893749, 0.009999693824225954, 0.010011012160904423, 0.009997669487902748, 0.010004401203208597, 0.009973650321648722, 0.009991953203418008, 0.01001266062340411, 0.010003158207301409,count precision recall f1 iter,0,0.0,0.0,0,3,['natur', 'algorithm', 'learn algorithm', 'central measur']
1225233,omega,1.0,phi,0.009951892547090502, 0.00999108649484867, 0.009956927716191567, 0.00997215828564915, 0.010001000301745153, 0.010012616276870162, 0.010040617599292567, 0.009929606853675516, 0.010005220626894767, 0.009958320824889911, 0.010046149290173681, 0.009933979410587192, 0.010076198149296502, 0.00995183908474879, 0.009980932023473487, 0.009955627255330581, 0.009953325497821854, 0.010029788939937959, 0.00998737079845749, 0.010001486420105937, 0.010033007285548493, 0.009962114821632085, 0.010059547861451896, 0.009953250793494404, 0.009999950639072186, 0.009958885649054058, 0.01000690988779792, 0.009982198091617956, 0.010047737768116483, 0.010091810417207282, 0.010003938783652992, 0.010031970899470813, 0.009986099816937027, 0.010019859484946464, 0.009952301567947937, 0.010047006860292034, 0.010006436160838931, 0.010002162054709152, 0.009965915545084717, 0.010005436462997886, 0.010045016608155419, 0.010050114716871122, 0.010007700836330851, 0.010034060367287188, 0.01000378294183438, 0.01003729197545487, 0.009952201840594638, 0.009963071516810569, 0.010078356874551832, 0.00993362074919435, 0.009973361470068668, 0.009928978313473828, 0.010012265103016506, 0.009993247080265643, 0.010002785870216592, 0.009953295354878492, 0.009952202574074333, 0.009991279123013962, 0.010059293005068056, 0.009985976790861552, 0.009978798690968039, 0.009997391078146158, 0.009921838733522745, 0.009975532045779707, 0.010022466944449547, 0.010000284833466747, 0.009969072949372642, 0.010066103528288602, 0.010041423402472254, 0.010008635801081673, 0.010014838810781924, 0.009958354225470359, 0.010042925333852254, 0.010037138367161271, 0.010049916698750456, 0.010025254736366666, 0.00992006579256744, 0.009983171695622, 0.009997154024496515, 0.010026985157950058, 0.009968065912822692, 0.010089328149564085, 0.01003656545587336, 0.010035932048636065, 0.010012807645653555, 0.009994818688438146, 0.010014656069386582, 0.009990036162726436, 0.010044227507135309, 0.010049970994772483, 0.009966978734779995, 0.010031971618770475, 0.009890854766091636, 0.009952163935737836, 0.010000159526459558, 0.009969683942125907, 0.010079610951372227, 0.009987678446551173, 0.010018898880228446, 0.010017649351331995,count precision recall f1 iter,0,0.0,0.0,0,6,['page', 'factor', 'attribut', 'intern']
303639,omega,1.0,phi,0.009928882245111754, 0.009983941398749007, 0.01006759022531699, 0.009936319614627601, 0.010013658760010993, 0.010020361686228508, 0.010001958456548549, 0.010081885574348021, 0.010106661221450706, 0.009974175763985056, 0.009966598064511157, 0.009931749624339386, 0.010038823332798, 0.009941212376441608, 0.01003369552583655, 0.009976816870539888, 0.00995463608231211, 0.00998057393903004, 0.010018340803738672, 0.00991265918477841, 0.01006155146171777, 0.010039656457158626, 0.009964573977865761, 0.0099095835843128, 0.009946635598376476, 0.00996992478141544, 0.00998192874116838, 0.01005871156063459, 0.010034222268488708, 0.010026828439878266, 0.010106202539703693, 0.010040956291139455, 0.010063462009706684, 0.010010830420102796, 0.010058822217978597, 0.009896324219043354, 0.009934677854701878, 0.009981658889367726, 0.00984845361273559, 0.009994670823803684, 0.009967115414388394, 0.010003368766006623, 0.009962428936824074, 0.009999636243346146, 0.009937801249942585, 0.009999896626214469, 0.009996152925062842, 0.009915079259641725, 0.010045496943678114, 0.010028446904075906, 0.010013935416799166, 0.010100278382575758, 0.010065497256018073, 0.009970930720652731, 0.010066809898359029, 0.010020744569669818, 0.010018471711290017, 0.010092971931436741, 0.010022092199136952, 0.010103201026345399, 0.010095495583721888, 0.009995518734901785, 0.009969820627845034, 0.009993458725649603, 0.00999953380873632, 0.009926040012013257, 0.009910701632038187, 0.00996938199532447, 0.009871935736515583, 0.010024881191991089, 0.010010506222575573, 0.009966625046999765, 0.010007097861176874, 0.009950528400672946, 0.010082358641404193, 0.009964935558434891, 0.00991873964584992, 0.009970402832423937, 0.01000749369377863, 0.010057685802478443, 0.010030330813696108, 0.00998228687560128, 0.00989238563513181, 0.010007941321238636, 0.01013401882408399, 0.009998141825031066, 0.010010801541062646, 0.010005563583183616, 0.009990652085456318, 0.009988414258624304, 0.010023225320599696, 0.0099633567031888, 0.009992143123527135, 0.010080774442178229, 0.010011875279455176, 0.010012077862957996, 0.01006012848762885, 0.010056950984883305, 0.00993837580892662, 0.009996840587544164,count precision recall f1 iter,0,0.0,0.0,0,8,['algorithm', 'cluster algorithm', 'algorithm modif', 'necessari algorithm']
4738342,omega,1.0,phi,0.01031512991664854, 0.009988019053599292, 0.00888900394897231, 0.012042141828801955, 0.011590283634545404, 0.007154263027144891, 0.00989999148002179, 0.008988862307694336, 0.010402204989024335, 0.010075584016898528, 0.011497630528552537, 0.008437472603592703, 0.00973883861982809, 0.009608384154060429, 0.007986770930934911, 0.007967264597075486, 0.009378013288744429, 0.012116155422389275, 0.009974873701016733, 0.008877767793984762, 0.010910031890040597, 0.010588796703947466, 0.009529047354244313, 0.010978022549010754, 0.01044223860745078, 0.01064833468526593, 0.01049541099374795, 0.010242026538559617, 0.010218674795200215, 0.008942764482460652, 0.009511858698455285, 0.010029185967263782, 0.00960337473184004, 0.011392923862927687, 0.009562283573159773, 0.01066425463166905, 0.009570736527277267, 0.010118577194682028, 0.01049954155800128, 0.009756004315116347, 0.011518396051689693, 0.012266037785594262, 0.01059068763635417, 0.012274926397037658, 0.009245446251135301, 0.008209987881403447, 0.0098284775275626, 0.011498774198018102, 0.00957061093364845, 0.009040186254415888, 0.011058783549548656, 0.010531965025373367, 0.010409209864103399, 0.009693156569406228, 0.010195785345795426, 0.009641060811895428, 0.009922031691978325, 0.008280864384005961, 0.010654821143593965, 0.007865982250455728, 0.0096725596231596, 0.009971167377210117, 0.00991164749187799, 0.010491988502882453, 0.011446597452737498, 0.010855925992137777, 0.008359120853660907, 0.009451831269316589, 0.012199137988685873, 0.01042438642223317, 0.009034368459989625, 0.008780308734146028, 0.010242145363932115, 0.010293632009439696, 0.008683588896311396, 0.00863890284680401, 0.009693364871992115, 0.01051823737337109, 0.009680192896979833, 0.010439060114617102, 0.011963176736397919, 0.009200636169600271, 0.009056634178013874, 0.0088884745788045, 0.010496259857055865, 0.009198042469387626, 0.010822503961707565, 0.007983133351087824, 0.01106022984198375, 0.010459032299185655, 0.011817070032583027, 0.009254922088907458, 0.010940676979195395, 0.010267455451291287, 0.007354540986062072, 0.010232496171201325, 0.010828469209355603, 0.009420311595918742, 0.01030257342734344, 0.010735259016564025,count precision recall f1 iter,0,0.0,0.0,0,71,['variant', 'outstand abil', 'threshold', 'categori']
9662316,omega,1.0,phi,0.010014425442881017, 0.01001258189551081, 0.009989596255403967, 0.009977952197975459, 0.010005342522482022, 0.00999653269735137, 0.010002177925888301, 0.010012301571258275, 0.010020986349693955, 0.009990675833926169, 0.00997254885877509, 0.009990214793901945, 0.009998525724153511, 0.010018311014917845, 0.010004853753508914, 0.009994013586912614, 0.009983779538029541, 0.010019389270135874, 0.00999493937372823, 0.010003441189751149, 0.010011627730743695, 0.01003835046636948, 0.010005056558225426, 0.009991735853249908, 0.010012096649793394, 0.009988118335085356, 0.010007270520976715, 0.01002411949189765, 0.009979889875369826, 0.01002697841259911, 0.009999423472560895, 0.009968149024909556, 0.0099873386132402, 0.009985156390929038, 0.009978598389608549, 0.010021890042637038, 0.009970308530907879, 0.01003585559933936, 0.01001791283369663, 0.009984875616276583, 0.010030290736373501, 0.01000268204923746, 0.009994573292619052, 0.010010755129921218, 0.010020127780529867, 0.009988022290791931, 0.009993889767235505, 0.01000000604004432, 0.010002540859479185, 0.010008825062135261, 0.00999825452179508, 0.010034974210190957, 0.009996159604119537, 0.009985296522848214, 0.00998909907210383, 0.009966047607519665, 0.010031754187534004, 0.009973300011527384, 0.009983992874419078, 0.01001390257421616, 0.010001388953316653, 0.009980613136483352, 0.010025261706208318, 0.010018645089095973, 0.010050904542750125, 0.010047049871915176, 0.01000240920009911, 0.009999808407763001, 0.010009212139215178, 0.009965555690946369, 0.009996951066770197, 0.009971903094658643, 0.01000228703369081, 0.009981667050041155, 0.009997456615054962, 0.010042408275886178, 0.00998506186223749, 0.009988101629539035, 0.010003933183807191, 0.010007609614067315, 0.009987243022336991, 0.009982281948082672, 0.009980243583053341, 0.00998432367303422, 0.009996340108201024, 0.009985247098109086, 0.010008320405543555, 0.00997662386070778, 0.010003894476882642, 0.009974224691815832, 0.009962900914096256, 0.010004522644122313, 0.009994324910965665, 0.010020664072751758, 0.009989839697860704, 0.009989574917883885, 0.010019249493807633, 0.009981749578100397, 0.009995021471749441, 0.01002334486810491,count precision recall f1 iter,0,0.0,0.0,0,4,['interest', 'etc.', 'colleagu', 'infer']
9389455,omega,1.0,phi,0.010014871686959904, 0.009970386367695998, 0.01001836022654259, 0.009992357847782669, 0.00999819740583039, 0.010000190235111953, 0.010001321249837379, 0.009995505892101388, 0.010044919594165747, 0.01000682041611653, 0.010011491944305883, 0.010070715327535102, 0.01000035187338285, 0.010004753551945056, 0.010068535809882845, 0.009955280420406743, 0.010013883434671833, 0.009991105880543522, 0.010001432641085328, 0.010011410907497076, 0.010020005979151522, 0.00998472827893827, 0.009965635301293112, 0.009985715025556655, 0.01001002568614883, 0.009947557475733376, 0.010018149642001204, 0.009983120647853751, 0.009997843189579804, 0.010014430364174624, 0.010004010319816398, 0.009972849070204076, 0.01000413419056933, 0.00995293749731795, 0.010006699278858172, 0.010030174616378031, 0.010013968580285408, 0.010021467014630334, 0.009996308817709689, 0.009995305256609239, 0.010063416979879971, 0.010016593934992811, 0.009996918335445696, 0.010018601105788422, 0.010028082726499021, 0.009967718190520261, 0.010025845774781694, 0.010042387843612737, 0.010001411250958898, 0.009983528441687465, 0.010012977878936125, 0.009980158648324406, 0.010019486992297813, 0.009982913900544337, 0.009984743407651745, 0.009968621752386475, 0.010044409073527874, 0.009970501477513223, 0.009995231225261152, 0.009980390796973397, 0.009957781752532192, 0.010020182655199869, 0.010007162540478075, 0.010006032357466804, 0.009978217724532954, 0.010017263099021864, 0.010002823182662105, 0.010009579693776081, 0.010048182147696214, 0.009979081972948447, 0.009972978927327836, 0.010050936465223042, 0.009982472141305073, 0.010016265689770182, 0.009961144351820236, 0.010016458749134163, 0.009997727697361338, 0.009928273785670821, 0.009977285163241728, 0.009976813178034115, 0.010015700960908083, 0.010051592283969298, 0.010034504360329611, 0.010023118366717558, 0.009964494816044165, 0.009940156503221411, 0.009992419003715619, 0.009997341065980233, 0.010040449466102358, 0.010033507885582403, 0.010002000538869132, 0.009984005414142795, 0.009975309364589121, 0.009973718683809711, 0.009951261784622205, 0.009999127203300708, 0.009992702355861034, 0.009969627509414672, 0.010001627372584605, 0.009969773101238078,count precision recall f1 iter,0,0.0,0.0,0,5,['human label', 'popular', 'sensit', 'multiple-inst learn']
552094,omega,1.0,phi,0.01000202226731929, 0.009998945237341227, 0.009995571077361251, 0.009998379909542665, 0.010011756230011349, 0.009990382785465308, 0.01000142731702896, 0.009991494314500542, 0.009999589949094868, 0.010007388766129754, 0.010010115697349019, 0.00999345026772614, 0.009970046474948242, 0.010014219769630133, 0.01000674575703951, 0.010006802151409321, 0.010016709487004375, 0.009968602406619608, 0.01001400459824594, 0.010010004291799258, 0.010008109786276713, 0.010011350388795448, 0.009995119335114981, 0.009997529456158128, 0.009994548564851142, 0.010009802372982638, 0.009998692276793902, 0.010007821011370986, 0.00999689422788585, 0.010011255478632537, 0.010008156432493323, 0.010000774199278, 0.009995049485781688, 0.009990791448232634, 0.009977858523261383, 0.009981395188536175, 0.010002788818176341, 0.009997178060849045, 0.010011579485168494, 0.010020273667208052, 0.009998729837673274, 0.009994556286805383, 0.009989608283689992, 0.009980998139756276, 0.01001620383959612, 0.010006477053487683, 0.010001045167006733, 0.00998187183316782, 0.009995959403566434, 0.009990305396097712, 0.009978736219359317, 0.010007081703830424, 0.009990912567570169, 0.009990619409769573, 0.009990872526993648, 0.009995512385042381, 0.010026232896034841, 0.010006076819151014, 0.009992768912315781, 0.010009297910830252, 0.010000707938423281, 0.010003662055132928, 0.010015861474190707, 0.009999411891013874, 0.009996399509715315, 0.010020496790612966, 0.009979689788143427, 0.009993055849779626, 0.01000317312913828, 0.010012159303768808, 0.009992954522084414, 0.0100248860316327, 0.009993792382061523, 0.00999762215185988, 0.00999504783396205, 0.010017275427143545, 0.010006656550552353, 0.010005047354456785, 0.009997925965134215, 0.009979838631377923, 0.009993572261952828, 0.010010026054262261, 0.01002369867823028, 0.009994027014940794, 0.010011395384753208, 0.009986745728427683, 0.010019320972843441, 0.00997945082051029, 0.009984700013121, 0.009984607067469006, 0.010001582774386671, 0.01001078521570744, 0.009995027911857567, 0.010004292088974161, 0.00998598352029442, 0.01000690770839412, 0.010003087315169745, 0.01000517787592428, 0.009996908016022907, 0.009998545441414214,count precision recall f1 iter,1,0.25,0.25,0.25,3,['attack event', 'attack profil', 'time seri', 'futur']
9965882,omega,1.0,phi,0.008934578606844658, 0.010356843316280492, 0.011068511223894545, 0.010713751849645172, 0.009696119807478011, 0.010104318571381568, 0.009675058298339676, 0.008834435696020304, 0.011080961321045992, 0.009325880255586493, 0.009263459129219201, 0.011634713369991136, 0.010847987951964967, 0.010519556383307115, 0.0103478501355049, 0.009781245172842574, 0.010720892483506998, 0.009996188839632618, 0.009167384801843894, 0.011351816786052666, 0.01154152513788032, 0.008644048526306887, 0.009950023889016717, 0.009632220200686801, 0.010499697889680349, 0.011039559556346789, 0.010350045366671008, 0.010560323610491645, 0.009435547991276853, 0.010329572593664614, 0.009854961639837016, 0.00983818611576475, 0.009572985876548593, 0.010742056754882129, 0.009302590773717017, 0.010489200410010205, 0.00858729312435682, 0.009737241440982756, 0.009698805573238302, 0.010490677280768877, 0.010264276535118876, 0.008696052639061053, 0.010709890089497654, 0.009002736174024037, 0.009921875549830372, 0.010132184397237327, 0.010377461521353468, 0.00897506761307541, 0.009787121615310318, 0.010493610815396822, 0.0098047376810073, 0.009985964978240416, 0.009484995040978253, 0.00898375887070917, 0.009605991911453449, 0.009810838118054183, 0.010655251476457355, 0.010863794418423415, 0.010030296076234088, 0.009027208902351206, 0.010828970450111575, 0.009247958150725667, 0.009218801470219038, 0.008447194299706133, 0.009786196296464723, 0.008325117167597325, 0.008999579308307158, 0.008441560468813471, 0.01022502035703736, 0.010526575565162063, 0.010556319707625491, 0.010228131915089223, 0.011287742143365224, 0.010266295112656424, 0.010442092205268582, 0.010750872460918135, 0.01066226909318526, 0.010684222235765584, 0.01025983747782094, 0.010275075836491352, 0.010013028118624756, 0.0096983051189179, 0.010723739524342786, 0.009789889431153423, 0.010482667432138944, 0.009546603819608833, 0.009626201938623846, 0.010320929303940955, 0.009335545139852318, 0.009614762339888665, 0.009474234071560813, 0.009708857144238367, 0.010519058488756252, 0.011003547886937652, 0.010124321178683893, 0.009560985152041483, 0.010058341124304091, 0.011003832829093197, 0.010107858034495673, 0.009496228024139767,count precision recall f1 iter,0,0.0,0.0,0,51,['reliabl', 'time', 'reliabl estim', 'illustr']
4740231,omega,1.0,phi,0.0100556529967133, 0.01013917145355545, 0.010062275639439285, 0.009937952170415312, 0.010030816279888355, 0.010001074273292427, 0.010032808121677957, 0.009993881463357434, 0.00993053644212985, 0.010152977079003962, 0.010007982581422726, 0.010046746969029892, 0.010041743506023463, 0.01004017139413049, 0.01010645905681561, 0.009955915335058203, 0.010047549172245946, 0.009898426826287427, 0.00992462660439924, 0.010049727084667939, 0.00998390447479771, 0.00997948040293289, 0.010061355862415328, 0.01001448893904107, 0.01008595154234882, 0.009953442010427742, 0.009977342173280713, 0.00989066931304313, 0.01000192271458206, 0.009907574554658715, 0.009993435130974067, 0.010008696326348057, 0.010056344148887486, 0.010015200929006965, 0.010074075575804876, 0.010034242124763459, 0.00998776425285929, 0.009942950650593895, 0.00997202795418956, 0.010072302465034417, 0.009943680887602046, 0.009931697986658139, 0.009915316460133824, 0.010002282251380903, 0.009976148484743326, 0.009948900453572274, 0.009928605567636027, 0.009921032220110891, 0.009996923659275339, 0.009973766749975991, 0.010000512901073105, 0.009900707766216287, 0.010036738272029812, 0.009995583227916133, 0.009903903911709795, 0.009960058584287789, 0.01000378682697742, 0.010046254944056912, 0.009952081980968537, 0.009995532999873602, 0.009909547093763843, 0.009971324771298584, 0.010072894326587834, 0.009996667072684463, 0.010038066146093849, 0.010009287018816518, 0.01005108440729882, 0.01010082132000528, 0.010041902607985542, 0.00987912416796066, 0.010091131775577042, 0.009996623214913737, 0.010010872541002733, 0.009942206853938733, 0.009945779157767506, 0.010049051435871852, 0.010063455068581655, 0.010065889024186118, 0.009878289136621636, 0.009943378995602197, 0.010014269652260068, 0.0099945309563984, 0.009935196616359145, 0.010004405400197754, 0.010097794486757978, 0.01002279129727769, 0.00999408459775865, 0.009865142419183145, 0.009915312466947645, 0.010024716882584318, 0.010083924934263204, 0.010002563940054799, 0.009956051776023267, 0.010031689809500335, 0.010068644494989473, 0.009991717664645437, 0.010093027317545059, 0.01000864062946968, 0.01002269679601698, 0.010012219593465868,count precision recall f1 iter,0,0.0,0.0,0,8,['problem', 'analysi', 'inform', 'scan']
3744882,omega,1.0,phi,0.011763009511510696, 0.011318607260266109, 0.00997216546988827, 0.01075320803940637, 0.007786627671404128, 0.01076253432672214, 0.009821006381406986, 0.00894625697985365, 0.011935277702526921, 0.009827791686596182, 0.006348207606273354, 0.009047195712979489, 0.01075664208905595, 0.012148175145956517, 0.010742445349818712, 0.010804903584172932, 0.00967938344674408, 0.011489968127328177, 0.00782613511037511, 0.008479918700254847, 0.011090827866373923, 0.009384832902452388, 0.012466271178919897, 0.009906244581325312, 0.008792976394186821, 0.009668914109076745, 0.008724861551882629, 0.008399769832852991, 0.011337759218680188, 0.007064195943897253, 0.01264915736944727, 0.010740304299465629, 0.008369288888140664, 0.009972775314306992, 0.009854088017239507, 0.011553044082074193, 0.00945915228859127, 0.010874121750724889, 0.009397547769063546, 0.009019568698325252, 0.008205954451210093, 0.008667344519470037, 0.010272092687290141, 0.01209311540491183, 0.007787266182552906, 0.012484212686623503, 0.010345971875598613, 0.01055992097723757, 0.008833766400384312, 0.009529487425003254, 0.010320054538914963, 0.010757121367688213, 0.006972506310590377, 0.010393169061597379, 0.009054420046461616, 0.009021958606987736, 0.010085558176143984, 0.009468946118073267, 0.010853830219169879, 0.00802169469939245, 0.011264757837654064, 0.010847718378859885, 0.006905877491617736, 0.010703723614549009, 0.009821555605901266, 0.011269302755367324, 0.009187885924423014, 0.010430172715027138, 0.01297936336583586, 0.009817095122746365, 0.010439287533407716, 0.011348676353003424, 0.007551548062153475, 0.01129063171385648, 0.00981679306417787, 0.00885632253141221, 0.010509974951194443, 0.011838889331684503, 0.012257632837773938, 0.009351470105824676, 0.013871480598526623, 0.009889634722861038, 0.010990181062366572, 0.009835952256386908, 0.008913710291252942, 0.010509617096871019, 0.010932659407835166, 0.009376687807834147, 0.009018204433632472, 0.011010305007711923, 0.011575919836806232, 0.008253753232803807, 0.010795926019445798, 0.010897907918333257, 0.0073336665954763305, 0.009562711319707658, 0.011188163782370844, 0.009847904320849352, 0.009277945234564343, 0.007765436043023024,count precision recall f1 iter,0,0.0,0.0,0,75,['task', 'learn', 'dynam', 'session']
10005232,omega,1.0,phi,0.010026980934043566, 0.009987106194801197, 0.009982406530439601, 0.009975222419743038, 0.01002470751130415, 0.0099740070300176, 0.010039696357927055, 0.01002862311751081, 0.009952674422373301, 0.009954433959440581, 0.010014911279030807, 0.010053699930840663, 0.009971990684355217, 0.010037671862523488, 0.010019278190005039, 0.01001616261941716, 0.01004655533603461, 0.010023456139400833, 0.009995626772864755, 0.010009594558344609, 0.009997963097880256, 0.010018776616456601, 0.010038950666466286, 0.009991319159093567, 0.010010535367456951, 0.0100187636881074, 0.010004154290782752, 0.010001888086953476, 0.010001512600196952, 0.00993727282601765, 0.009971012152502344, 0.009951454846013584, 0.010015901383342555, 0.009950937954758158, 0.009964672700133697, 0.009974766736252848, 0.009983017229074855, 0.009979377357214306, 0.010027714452636475, 0.009966849731896404, 0.009963601606181087, 0.010003989671346716, 0.010025155149447204, 0.009976193332852313, 0.009994985391080319, 0.009993712546496876, 0.009986733926097748, 0.010062194691379664, 0.009999461059676812, 0.010021656809876685, 0.009969892040791477, 0.010021219660835046, 0.010009583433231734, 0.01001361679246508, 0.009969738199926966, 0.010098253276340629, 0.009933499548935696, 0.010003579728445226, 0.01000484228407689, 0.009993011235388238, 0.010056853350646773, 0.010046678486283763, 0.010041949987136508, 0.009938201614542232, 0.009970004727742081, 0.009950493868760669, 0.010001899540401198, 0.009962470550687396, 0.009983411958778618, 0.00991813349228895, 0.010001457046983454, 0.010017578389868421, 0.01000383683414196, 0.010029348250504585, 0.00997952794496994, 0.010011671613487556, 0.0099960635353156, 0.010019098648205544, 0.010016323558763482, 0.009975675382900801, 0.009948189684413052, 0.010046864841272932, 0.009971998242464905, 0.0100507210292909, 0.010016216411686, 0.010016302852515205, 0.009956250102312063, 0.010101226237226315, 0.009999136646651875, 0.009988538877986047, 0.010027831443686365, 0.01002697891739992, 0.010020883275677388, 0.010007434446913424, 0.00997602594950594, 0.009924458717453273, 0.010026599344274079, 0.00994711601641728, 0.009986197411041824, 0.010053783590874145,count precision recall f1 iter,0,0.0,0.0,0,6,['high', 'mani', 'estim', 'high classif']
4306370,omega,1.0,phi,0.00999435336344752, 0.00998699197937979, 0.00994454099335005, 0.010042343697488602, 0.009913618200256847, 0.009981096626771884, 0.010030735709679476, 0.01007080387371416, 0.009916898031873303, 0.009950673220650814, 0.009986544699346777, 0.010085068148770861, 0.009979858825585086, 0.009967296013461881, 0.009960612161883781, 0.009992854592409731, 0.009988835302853355, 0.010057759350515278, 0.010007816833248216, 0.0099748793823937, 0.009999310921129146, 0.010067259893309444, 0.010044732629105562, 0.009999041861751577, 0.009907071959754214, 0.010031402602569708, 0.010037408546596826, 0.009990839532018628, 0.010004832264077378, 0.00996566165101752, 0.00996805131282102, 0.010008056275456924, 0.009972024745640599, 0.009953249354433688, 0.010048229317842166, 0.009973348959506648, 0.009970515828782694, 0.01004611943236145, 0.010010236226460132, 0.01005749365627266, 0.0099765471407487, 0.010085648669853852, 0.010084444922740014, 0.009998994524602232, 0.009907845744562008, 0.010149870308017991, 0.01005174247787239, 0.00999709978452779, 0.009900687149736853, 0.009942277818306589, 0.00999354412130407, 0.009999337073332466, 0.009931255311602426, 0.00992494523021665, 0.010017600140262357, 0.01000247462557634, 0.010056488439420407, 0.010044267349265558, 0.010046688293667711, 0.009928898765487833, 0.009915384537843889, 0.009980305658803514, 0.009957425143665443, 0.010057647820711096, 0.009982342493165338, 0.010014556960722995, 0.009986481038827008, 0.010009184622250988, 0.010009618959074446, 0.010000287588030982, 0.010029071072622962, 0.009987320243666754, 0.010051784559827958, 0.00987562318926506, 0.00997210147624502, 0.010006059718210052, 0.010074577833000661, 0.009985082584497948, 0.009997737800386975, 0.010025266208264761, 0.01008207213423339, 0.010075243243872772, 0.009938965979953135, 0.010001438611461733, 0.009997643000667175, 0.010002538512398542, 0.010039872498891147, 0.009978963041852269, 0.01006710200304064, 0.009903734721245224, 0.009952996942644865, 0.010036651729416398, 0.010031355792191596, 0.009979768041049912, 0.00998730637618765, 0.010047836997366954, 0.009981198574728657, 0.010004772207800876, 0.010047977753568601, 0.009995576459251273,count precision recall f1 iter,0,0.0,0.0,0,7,['dealer', 'million', 'famili', 'small']
11669627,omega,1.0,phi,0.01000916985778534, 0.00999371172615569, 0.010003710817836537, 0.0099937621041249, 0.009997079845026053, 0.009990377957214473, 0.010008035487857166, 0.009990869422940642, 0.010004450363113903, 0.010006106790403101, 0.010003581977175923, 0.010016075011214683, 0.009992835180963933, 0.009999663308111263, 0.010000244880443586, 0.010001949334456299, 0.009994398760731129, 0.009991412165345895, 0.00999586671337703, 0.010005634160205966, 0.009993621533192758, 0.010005976596791552, 0.009998241376879595, 0.009999292049043925, 0.0100026259623931, 0.010008207897091056, 0.01000103906868214, 0.009996953210959631, 0.009995308085360243, 0.010000480474144402, 0.010000027427060116, 0.010002092109434684, 0.009999563024536855, 0.010004861621202121, 0.010003085366808016, 0.009993282859573082, 0.010002439660625943, 0.009991916571316857, 0.010008645054008232, 0.009985236908256475, 0.009998483274798214, 0.010010508136464712, 0.009984262875953895, 0.009994778746217058, 0.009995060694129239, 0.010007644069436947, 0.009987742741344058, 0.00999965352427205, 0.010001796848645144, 0.010007057610997891, 0.009994808426737958, 0.010003284009648894, 0.009991481669004513, 0.009999533731609571, 0.010002109857520924, 0.010003074500042265, 0.009998236101921043, 0.010002060057226104, 0.009991153324475316, 0.010005870585271708, 0.009994129427529997, 0.010001076770601405, 0.010000471139679952, 0.0099980466689198, 0.010002276343790919, 0.010005947314426101, 0.009996320821209093, 0.00999942482816484, 0.010003527534332833, 0.009994658193088661, 0.009999769674027582, 0.010002657505897126, 0.010008961922387193, 0.009998058807569744, 0.010009825401936807, 0.010002089937267098, 0.009991019823289305, 0.010002797786076817, 0.010002560326614273, 0.010002623278586283, 0.010002668949718949, 0.010000374055880265, 0.009999177898598286, 0.010001533740397315, 0.009997761116610361, 0.010003235514319468, 0.010007655686918124, 0.009994458154580083, 0.009996840849223861, 0.010001478233707338, 0.010008316977242847, 0.009997305226858773, 0.010001715626803733, 0.010004732713215501, 0.010001333678057412, 0.010003604170156633, 0.010001470869069813, 0.00999554987352313, 0.009993235366603334, 0.010000874285557062,count precision recall f1 iter,0,0.0,0.0,0,2,['sever altern', 'partial label', 'optim reduct', 'test time']
9133885,omega,1.0,phi,0.010001009288661801, 0.010042679553600676, 0.010014311568202872, 0.009971628215110957, 0.010070604508745952, 0.010012479341621921, 0.009992621006168418, 0.010011666379160417, 0.01000747525740218, 0.009998914687543489, 0.009997941845831276, 0.00999733423586741, 0.01001843659173919, 0.0100113744665036, 0.010031003200391832, 0.009975727465397979, 0.010024382643575814, 0.009984539938531168, 0.010061291320532973, 0.00998216163454589, 0.010034947146541897, 0.009979942268783432, 0.00999414542252202, 0.009984680105353505, 0.009944759931277976, 0.010020046362892197, 0.009986136430283774, 0.010019424404100426, 0.009972602876026141, 0.01001502101724534, 0.009963827082231985, 0.010033371323357526, 0.010004275712591139, 0.009980861091030172, 0.0099583764453717, 0.010000632326609441, 0.010008324187827964, 0.009971065658522451, 0.010001935889578992, 0.010004374316760352, 0.009975701352238983, 0.010044501034646913, 0.00996566413990163, 0.010022604065902267, 0.009982264935043648, 0.010007165726999228, 0.010013220755009863, 0.010040552868238023, 0.01001710869069251, 0.009989745208714757, 0.00996736638652443, 0.009991518672006556, 0.010031538041970421, 0.009959724884288182, 0.01001497019595761, 0.010012947664547469, 0.009995874892798242, 0.010020136092789267, 0.009994193699190254, 0.009993535020973738, 0.009996648979453954, 0.010008267980394319, 0.01001109627598786, 0.010003693010366554, 0.009975823512923945, 0.010023769257281523, 0.009976223719071108, 0.009994480582655367, 0.009957031904520318, 0.00995771985935948, 0.010012248786469724, 0.010030018652853507, 0.009996699675689452, 0.010005013194201511, 0.009975724959258872, 0.009992079096802279, 0.009974911827875107, 0.010012421109539283, 0.010004419115772682, 0.010033117913552552, 0.010024725370777166, 0.009976120606701047, 0.009982142430844125, 0.009971729470054485, 0.010018832444161196, 0.009981750494792172, 0.010007525022285853, 0.0099680780962486, 0.009967376350689472, 0.010026681639568545, 0.009981582697094519, 0.01001013186349942, 0.010003588679939173, 0.010003828475496006, 0.009962006530121784, 0.009995729731505944, 0.010013905512193421, 0.010051608396155232, 0.009967302726564436, 0.010017276570799821,count precision recall f1 iter,0,0.0,0.0,0,5,['varieti', 'learn', 'rate predict', 'problem']
1209092,omega,1.0,phi,0.009985145254943005, 0.009941139759017472, 0.009901954573772813, 0.009950671921123307, 0.009968288280469627, 0.010042193342740377, 0.010088858430733361, 0.009978676745901834, 0.01000281386403283, 0.009814218821531091, 0.010089827119180864, 0.010064584650307067, 0.009893218272089308, 0.009866208463559163, 0.010031012327258703, 0.010049435428800647, 0.010116949757603104, 0.010147679903347005, 0.010047258875658379, 0.009996423374921069, 0.009933921163485399, 0.010014790715191837, 0.010076286790257336, 0.009904655106465586, 0.010056301261005303, 0.00997252181708596, 0.009989939483137521, 0.010050293453605136, 0.009943318630597872, 0.00987975128992491, 0.009926233705887732, 0.01000460477064697, 0.010064269980589001, 0.010108746839289218, 0.010036771008120851, 0.010031793645686758, 0.01013230262673981, 0.010038830129203969, 0.01014939718916124, 0.010095452805300683, 0.009893630873128948, 0.010020142469949131, 0.010050631218022233, 0.01002600248754237, 0.00994546463761281, 0.01012178029665361, 0.0101025753454988, 0.01003586358598801, 0.010013482292733742, 0.010060761894705438, 0.009887848782819762, 0.010015783012058072, 0.01001546823318229, 0.009906456648058674, 0.01002823507651706, 0.010012440852469055, 0.00999700401549747, 0.009901942576761136, 0.010061628663798063, 0.01001372233629637, 0.010053464406584901, 0.010064672254082042, 0.010012058317188401, 0.01011253863235085, 0.009830976454178192, 0.009941348765253046, 0.01012152626877285, 0.010055391413081193, 0.009854642955551112, 0.01014546441706082, 0.009996222320869688, 0.010133276513916545, 0.009930923192463513, 0.009895947085253633, 0.009909924216123332, 0.009950077508584391, 0.009912472314458128, 0.00996575260362378, 0.010063264502468382, 0.010035494013866005, 0.009860073916307738, 0.009944690566737713, 0.01007992237397721, 0.009868707511615987, 0.009808713925218416, 0.009843188589131026, 0.010113737939395372, 0.010023954872221142, 0.009967611142422074, 0.0100137229794237, 0.010154876627893663, 0.010171446832318964, 0.009982672227374988, 0.009932244382833204, 0.009934380543656742, 0.010008504578488306, 0.01000378282425874, 0.010047960051339237, 0.00974219570102849, 0.010014567380959434,count precision recall f1 iter,0,0.0,0.0,0,10,['criteria', 'predict', 'exploratori', 'comparison']
794717,omega,1.0,phi,0.01004882025813594, 0.009951022032583001, 0.009931649726017023, 0.01001003993241843, 0.009901483398374343, 0.010022014823210149, 0.009905816739632966, 0.00997922996408741, 0.010021767707060692, 0.009820415990974501, 0.010076560781492624, 0.010133990239696342, 0.009774814652223646, 0.010169274811999456, 0.00990067663518849, 0.010166763880468626, 0.00993523750203967, 0.009966708016437866, 0.010223175182049144, 0.009970175594128782, 0.010069492660972278, 0.01002492019368665, 0.010008572282025638, 0.009965921508559464, 0.01009785478958484, 0.01004377173249002, 0.010067371832554909, 0.009891608094374197, 0.010074721814184154, 0.009974976458026147, 0.009915423641206022, 0.010080542467726732, 0.009888726632684265, 0.009961397220651187, 0.010172778907307427, 0.010197014611352322, 0.010076207048703064, 0.010081195056049748, 0.009939074637149136, 0.009905354901588703, 0.009997410355162877, 0.009914261873695035, 0.010124466027557575, 0.010037416976003053, 0.01018926217118663, 0.010020331074656438, 0.010074669948079608, 0.009917118779272253, 0.009928797197482823, 0.009935375838619327, 0.009920844421414821, 0.009970998741738785, 0.00984224390227332, 0.009949575271042989, 0.00985411801235727, 0.010031083447316052, 0.009965504887413344, 0.010009734568769503, 0.009942139197050547, 0.01001217299667431, 0.009922681914042926, 0.010032610606421076, 0.010209184193064536, 0.010047906180708388, 0.010127121433022492, 0.01003167434828034, 0.010124509478313701, 0.010132882606537469, 0.010075717685099003, 0.00991169920621825, 0.009863776417189576, 0.010131290614471622, 0.009991545415584422, 0.009955297285435068, 0.009985105171758607, 0.009953145903523322, 0.009974911108284424, 0.009971654713607687, 0.009962694793619057, 0.009959816134455462, 0.009978395955743147, 0.010029162404240398, 0.01003568400379511, 0.01002150228649379, 0.010067523459704875, 0.009998152081789077, 0.00997971462365181, 0.009857502835579098, 0.009895888489502867, 0.009959880415940326, 0.009992494646826236, 0.010130348758012825, 0.01004188253759061, 0.009850132741171354, 0.009785141288107074, 0.010081128520038516, 0.009982980700712919, 0.00994641388725249, 0.009937258466676244, 0.010079496640671093,count precision recall f1 iter,0,0.0,0.0,0,12,['general', 'studi', 'move', 'abstract']
